code,system
K0A5500,readv2
K032y14,readv2
K050.00,readv2
K08yz00,readv2
K08z.00,readv2
K060.11,readv2
K02yz00,readv2
K023.00,readv2
K02..12,readv2
K02z.00,readv2
K100100,readv2
1Z13.00,readv2
1Z11.00,readv2
K02..00,readv2
K0A3700,readv2
K02..11,readv2
K0A3300,readv2
K02y000,readv2
K05..00,readv2
K100000,readv2
Kyu2100,readv2
1Z14.00,readv2
1Z10.00,readv2
1Z12.00,readv2
K02y300,readv2
K0A3500,readv2
N03,readv2
K022.00,readv2
K012.00,readv2
K032y00,readv2
K032z00,readv2
K032.00,readv2
K03..11,readv2
K03..00,readv2
K101000,readv2
14D1.00,readv2
K0...00,readv2
K080000,readv2
K080.00,readv2
K080z00,readv2
K08y000,readv2
N07,readv2
K06..00,readv2
K019.00,readv2
K001.00,readv2
K041.00,readv2
K034.00,readv2
K042.00,readv2
K035.00,readv2
Kyu2000,readv2
K04y.00,readv2
K080300,readv2
K081.00,readv2
K080100,readv2
K080200,readv2
N02,readv2
K0A3200,readv2
K021.00,readv2
Kyu2.00,readv2
N17-N19,readv2
K04z.00,readv2
K032000,readv2
K02y200,readv2
K032y13,readv2
N04,readv2
N11,readv2
N14,readv2
I13,readv2
I12,readv2
N01,readv2
Q61,readv2
N05,readv2
N00,readv2